QLIK_SITE_HOURLY_COMBOAVAIL_ID,DATE,MARKETS_ID,SITE_ID,COMBO_AVAIL,TOTAL_AVAIL_TIME_LTE,TOTAL_DOWNTIME_LTE,SECTOR_COUNT_LTE,TOTAL_AVAIL_TIME_UMTS,TOTAL_DOWNTIME_UMTS,SECTOR_COUNT_UMTS,TOTAL_DOWNTIME_GSM,TOTAL_AVAIL_TIME_GSM,SECTOR_COUNT_GSM,TOTAL_DOWNTIME_5G,TOTAL_AVAIL_TIME_5G,SECTOR_COUNT_5G,ETL_CREATED_BY,ETL_CREATED_DT,ETL_MODIFIED_BY,ETL_MODIFIED_DT
48518346758,2026-03-05 19:00:00.000,Mobile,NO0157RA,1.0000000,14400,0,4,0,0,0,0,0,0,0,14400,4,20260306040344,2026-03-06 04:51:22.111,20260306050351,2026-03-06 05:48:23.082
48518384898,2026-03-05 17:00:00.000,Mobile,NO0157RA,1.0000000,14400,0,4,0,0,0,0,0,0,0,14400,4,20260306040344,2026-03-06 04:51:22.111,20260306040344,2026-03-06 04:51:22.111
48518391575,2026-03-05 16:00:00.000,Mobile,NO0157RA,1.0000000,14400,0,4,0,0,0,0,0,0,0,14400,4,20260306040344,2026-03-06 04:51:22.111,20260306040344,2026-03-06 04:51:22.111
48522597427,2026-03-05 20:00:00.000,Mobile,NO0157RA,1.0000000,14400,0,4,0,0,0,0,0,0,0,14400,4,20260306050351,2026-03-06 05:48:23.082,20260306080346,2026-03-06 08:48:38.512
48522557357,2026-03-05 21:00:00.000,Mobile,NO0157RA,1.0000000,14400,0,4,0,0,0,0,0,0,0,14400,4,20260306050351,2026-03-06 05:48:23.082,20260306080346,2026-03-06 08:48:38.512
48474369685,2026-03-05 09:00:00.000,Mobile,NO0157RA,1.0000000,14400,0,4,0,0,0,0,0,0,0,14400,4,20260305170338,2026-03-05 17:50:04.678,20260305180340,2026-03-05 18:52:51.753
48474413031,2026-03-05 08:00:00.000,Mobile,NO0157RA,1.0000000,14400,0,4,0,0,0,0,0,0,0,14400,4,20260305170338,2026-03-05 17:50:04.678,20260305170338,2026-03-05 17:50:04.678
48471220337,2026-03-05 06:00:00.000,Mobile,NO0157RA,1.0000000,14400,0,4,0,0,0,0,0,0,0,14400,4,20260305160356,2026-03-05 16:52:01.315,20260305160356,2026-03-05 16:52:01.315
48471178329,2026-03-05 07:00:00.000,Mobile,NO0157RA,1.0000000,14400,0,4,0,0,0,0,0,0,0,14400,4,20260305160356,2026-03-05 16:52:01.315,20260305170338,2026-03-05 17:50:04.678
48510098270,2026-03-05 18:00:00.000,Mobile,NO0157RA,1.0000000,14400,0,4,0,0,0,0,0,0,0,14400,4,20260306020345,2026-03-06 02:48:51.842,20260306040344,2026-03-06 04:51:22.111
48464964564,2026-03-05 05:00:00.000,Mobile,NO0157RA,1.0000000,14400,0,4,0,0,0,0,0,0,0,14400,4,20260305140313,2026-03-05 14:50:46.311,20260305140313,2026-03-05 14:50:46.311
48485560858,2026-03-05 12:00:00.000,Mobile,NO0157RA,1.0000000,14400,0,4,0,0,0,0,0,0,0,14400,4,20260305200313,2026-03-05 20:49:10.288,20260305210302,2026-03-05 21:51:53.025
48485624091,2026-03-05 11:00:00.000,Mobile,NO0157RA,1.0000000,14400,0,4,0,0,0,0,0,0,0,14400,4,20260305200313,2026-03-05 20:49:10.288,20260305200313,2026-03-05 20:49:10.288
48587893102,2026-03-06 01:00:00.000,Mobile,NO0157RA,1.0000000,14400,0,4,0,0,0,0,0,0,0,14400,4,20260306180352,2026-03-06 18:49:54.537,20260306180352,2026-03-06 18:49:54.537
48110839081,2026-03-01 09:00:00.000,Mobile,NO0157RA,1.0000000,14400,0,4,0,0,0,0,0,0,0,14400,4,20260301170309,2026-03-01 17:49:01.878,20260301190346,2026-03-01 19:48:47.970
48101376156,2026-03-01 06:00:00.000,Mobile,NO0157RA,1.0000000,14400,0,4,0,0,0,0,0,0,0,14400,4,20260301140349,2026-03-01 14:48:36.682,20260301150341,2026-03-01 15:49:08.273
48098212023,2026-03-01 04:00:00.000,Mobile,NO0157RA,1.0000000,14400,0,4,0,0,0,0,0,0,0,14400,4,20260301130338,2026-03-01 13:48:08.380,20260301130338,2026-03-01 13:48:08.380
48098244540,2026-03-01 05:00:00.000,Mobile,NO0157RA,1.0000000,14400,0,4,0,0,0,0,0,0,0,14400,4,20260301130338,2026-03-01 13:48:08.380,20260301140349,2026-03-01 14:48:36.682
49334483050,2026-03-14 12:00:00.000,Mobile,NO0157RA,1.0000000,14400,0,4,0,0,0,0,0,0,0,14400,4,20260316030333,2026-03-16 03:49:04.858,20260316030333,2026-03-16 03:49:04.858
49335459397,2026-03-14 22:00:00.000,Mobile,NO0157RA,1.0000000,14400,0,4,0,0,0,0,0,0,0,14400,4,20260316030333,2026-03-16 03:49:04.858,20260316030333,2026-03-16 03:49:04.858
49336174599,2026-03-15 15:00:00.000,Mobile,NO0157RA,1.0000000,14400,0,4,0,0,0,0,0,0,0,14400,4,20260316030333,2026-03-16 03:49:04.858,20260316030333,2026-03-16 03:49:04.858
49334420107,2026-03-15 08:00:00.000,Mobile,NO0157RA,1.0000000,14400,0,4,0,0,0,0,0,0,0,14400,4,20260316030333,2026-03-16 03:49:04.858,20260316030333,2026-03-16 03:49:04.858
49335114259,2026-03-14 23:00:00.000,Mobile,NO0157RA,1.0000000,14400,0,4,0,0,0,0,0,0,0,14400,4,20260316030333,2026-03-16 03:49:04.858,20260316030333,2026-03-16 03:49:04.858
49335487062,2026-03-15 17:00:00.000,Mobile,NO0157RA,1.0000000,14400,0,4,0,0,0,0,0,0,0,14400,4,20260316030333,2026-03-16 03:49:04.858,20260316030333,2026-03-16 03:49:04.858
49335871378,2026-03-15 18:00:00.000,Mobile,NO0157RA,1.0000000,14400,0,4,0,0,0,0,0,0,0,14400,4,20260316030333,2026-03-16 03:49:04.858,20260316030333,2026-03-16 03:49:04.858
49334531885,2026-03-14 10:00:00.000,Mobile,NO0157RA,1.0000000,14400,0,4,0,0,0,0,0,0,0,14400,4,20260316030333,2026-03-16 03:49:04.858,20260316030333,2026-03-16 03:49:04.858
49336203058,2026-03-14 18:00:00.000,Mobile,NO0157RA,1.0000000,14400,0,4,0,0,0,0,0,0,0,14400,4,20260316030333,2026-03-16 03:49:04.858,20260316030333,2026-03-16 03:49:04.858
49336121080,2026-03-15 19:00:00.000,Mobile,NO0157RA,1.0000000,14400,0,4,0,0,0,0,0,0,0,14400,4,20260316030333,2026-03-16 03:49:04.858,20260316050346,2026-03-16 05:49:37.091
49335232551,2026-03-15 12:00:00.000,Mobile,NO0157RA,1.0000000,14400,0,4,0,0,0,0,0,0,0,14400,4,20260316030333,2026-03-16 03:49:04.858,20260316030333,2026-03-16 03:49:04.858
49335427539,2026-03-15 09:00:00.000,Mobile,NO0157RA,1.0000000,14400,0,4,0,0,0,0,0,0,0,14400,4,20260316030333,2026-03-16 03:49:04.858,20260316030333,2026-03-16 03:49:04.858
49335467868,2026-03-14 19:00:00.000,Mobile,NO0157RA,1.0000000,14400,0,4,0,0,0,0,0,0,0,14400,4,20260316030333,2026-03-16 03:49:04.858,20260316030333,2026-03-16 03:49:04.858
49335575535,2026-03-14 09:00:00.000,Mobile,NO0157RA,1.0000000,14400,0,4,0,0,0,0,0,0,0,14400,4,20260316030333,2026-03-16 03:49:04.858,20260316030333,2026-03-16 03:49:04.858
48461818544,2026-03-05 04:00:00.000,Mobile,NO0157RA,1.0000000,14400,0,4,0,0,0,0,0,0,0,14400,4,20260305130332,2026-03-05 13:51:00.234,20260305130332,2026-03-05 13:51:00.234
48455326592,2026-03-05 02:00:00.000,Mobile,NO0157RA,1.0000000,14400,0,4,0,0,0,0,0,0,0,14400,4,20260305110303,2026-03-05 11:53:22.343,20260305120347,2026-03-05 12:50:19.807
48455438017,2026-03-05 01:00:00.000,Mobile,NO0157RA,1.0000000,14400,0,4,0,0,0,0,0,0,0,14400,4,20260305110303,2026-03-05 11:53:22.343,20260305120347,2026-03-05 12:50:19.807
48458653451,2026-03-05 03:00:00.000,Mobile,NO0157RA,1.0000000,14400,0,4,0,0,0,0,0,0,0,14400,4,20260305120347,2026-03-05 12:50:19.807,20260305130332,2026-03-05 13:51:00.234
48412501276,2026-03-04 17:00:00.000,Mobile,NO0157RA,1.0000000,14400,0,4,0,0,0,0,0,0,0,14400,4,20260305010344,2026-03-05 01:49:23.017,20260305030326,2026-03-05 03:52:19.485
48396023957,2026-03-04 13:00:00.000,Mobile,NO0157RA,1.0000000,14400,0,4,0,0,0,0,0,0,0,14400,4,20260304210326,2026-03-04 21:50:22.752,20260304220339,2026-03-04 22:49:18.550
48395999923,2026-03-04 12:00:00.000,Mobile,NO0157RA,1.0000000,14400,0,4,0,0,0,0,0,0,0,14400,4,20260304210326,2026-03-04 21:50:22.752,20260304210326,2026-03-04 21:50:22.752
48435128801,2026-03-04 22:00:00.000,Mobile,NO0157RA,1.0000000,14400,0,4,0,0,0,0,0,0,0,14400,4,20260305060354,2026-03-05 06:49:23.029,20260305080321,2026-03-05 08:54:04.959
48452359119,2026-03-05 00:00:00.000,Mobile,NO0157RA,1.0000000,14400,0,4,0,0,0,0,0,0,0,14400,4,20260305100315,2026-03-05 10:48:51.309,20260305120347,2026-03-05 12:50:19.807
48537665476,2026-03-05 23:00:00.000,Mobile,NO0157RA,1.0000000,14400,0,4,0,0,0,0,0,0,0,14400,4,20260306080346,2026-03-06 08:48:38.512,20260306080346,2026-03-06 08:48:38.512
48537630794,2026-03-05 22:00:00.000,Mobile,NO0157RA,1.0000000,14400,0,4,0,0,0,0,0,0,0,14400,4,20260306080346,2026-03-06 08:48:38.512,20260306080346,2026-03-06 08:48:38.512
49438272988,2026-03-16 23:00:00.000,Mobile,NO0157RA,1.0000000,14400,0,4,0,0,0,0,0,0,0,14400,4,20260317060348,2026-03-17 06:58:18.435,20260317070338,2026-03-17 07:48:21.597
48636734235,2026-03-06 21:00:00.000,Mobile,NO0157RA,1.0000000,14400,0,4,0,0,0,0,0,0,0,14400,4,20260307060337,2026-03-07 06:48:27.830,20260307060337,2026-03-07 06:48:27.830
48637032787,2026-03-06 18:00:00.000,Mobile,NO0157RA,1.0000000,14400,0,4,0,0,0,0,0,0,0,14400,4,20260307060337,2026-03-07 06:48:27.830,20260307060337,2026-03-07 06:48:27.830
48636817784,2026-03-06 19:00:00.000,Mobile,NO0157RA,1.0000000,14400,0,4,0,0,0,0,0,0,0,14400,4,20260307060337,2026-03-07 06:48:27.830,20260307060337,2026-03-07 06:48:27.830
48636877673,2026-03-06 20:00:00.000,Mobile,NO0157RA,1.0000000,14400,0,4,0,0,0,0,0,0,0,14400,4,20260307060337,2026-03-07 06:48:27.830,20260307060337,2026-03-07 06:48:27.830
48653245790,2026-03-07 00:00:00.000,Mobile,NO0157RA,1.0000000,14400,0,4,0,0,0,0,0,0,0,14400,4,20260307100341,2026-03-07 10:48:33.603,20260307120336,2026-03-07 12:48:05.898
48647270809,2026-03-06 23:00:00.000,Mobile,NO0157RA,1.0000000,14400,0,4,0,0,0,0,0,0,0,14400,4,20260307080331,2026-03-07 08:48:15.597,20260307080331,2026-03-07 08:48:15.597
48616277840,2026-03-06 16:00:00.000,Mobile,NO0157RA,1.0000000,14400,0,4,0,0,0,0,0,0,0,14400,4,20260307010329,2026-03-07 01:49:21.202,20260307010329,2026-03-07 01:49:21.202
48616235699,2026-03-06 17:00:00.000,Mobile,NO0157RA,1.0000000,14400,0,4,0,0,0,0,0,0,0,14400,4,20260307010329,2026-03-07 01:49:21.202,20260307040348,2026-03-07 04:49:07.050
48607868228,2026-03-06 14:00:00.000,Mobile,NO0157RA,1.0000000,14400,0,4,0,0,0,0,0,0,0,14400,4,20260306230338,2026-03-06 23:48:15.716,20260307000349,2026-03-07 00:48:26.043
48607850142,2026-03-06 15:00:00.000,Mobile,NO0157RA,1.0000000,14400,0,4,0,0,0,0,0,0,0,14400,4,20260306230338,2026-03-06 23:48:15.716,20260307010329,2026-03-07 01:49:21.202
48599194778,2026-03-06 10:00:00.000,Mobile,NO0157RA,1.0000000,14400,0,4,0,0,0,0,0,0,0,14400,4,20260306210348,2026-03-06 21:49:07.618,20260306210348,2026-03-06 21:49:07.618
48358835582,2026-03-04 00:00:00.000,Mobile,NO0157RA,1.0000000,14400,0,4,0,0,0,0,0,0,0,14400,4,20260304100351,2026-03-04 10:49:17.944,20260304120349,2026-03-04 12:49:09.283
48270313610,2026-03-03 01:00:00.000,Mobile,NO0157RA,1.0000000,14400,0,4,0,0,0,0,0,0,0,14400,4,20260303100308,2026-03-03 10:51:19.672,20260303120358,2026-03-03 12:51:21.389
48270387328,2026-03-03 00:00:00.000,Mobile,NO0157RA,1.0000000,14400,0,4,0,0,0,0,0,0,0,14400,4,20260303100308,2026-03-03 10:51:19.672,20260303120358,2026-03-03 12:51:21.389
48249916711,2026-03-02 20:00:00.000,Mobile,NO0157RA,1.0000000,14400,0,4,0,0,0,0,0,0,0,14400,4,20260303050344,2026-03-03 05:53:08.978,20260303050344,2026-03-03 05:53:08.978
48282788086,2026-03-03 05:00:00.000,Mobile,NO0157RA,1.0000000,14400,0,4,0,0,0,0,0,0,0,14400,4,20260303140345,2026-03-03 14:51:05.916,20260303170342,2026-03-03 17:51:57.045
48276537163,2026-03-03 03:00:00.000,Mobile,NO0157RA,1.0000000,14400,0,4,0,0,0,0,0,0,0,14400,4,20260303120358,2026-03-03 12:51:21.389,20260303130348,2026-03-03 13:54:38.404
48315189686,2026-03-03 15:00:00.000,Mobile,NO0157RA,1.0000000,14400,0,4,0,0,0,0,0,0,0,14400,4,20260303230342,2026-03-03 23:48:33.024,20260304010337,2026-03-04 01:49:15.742
48302705188,2026-03-03 11:00:00.000,Mobile,NO0157RA,1.0000000,14400,0,4,0,0,0,0,0,0,0,14400,4,20260303200342,2026-03-03 20:57:28.526,20260303200342,2026-03-03 20:57:28.526
48302705756,2026-03-03 12:00:00.000,Mobile,NO0157RA,1.0000000,14400,0,4,0,0,0,0,0,0,0,14400,4,20260303200342,2026-03-03 20:57:28.526,20260303220352,2026-03-03 22:49:32.758
48477626005,2026-03-05 10:00:00.000,Mobile,NO0157RA,1.0000000,14400,0,4,0,0,0,0,0,0,0,14400,4,20260305180340,2026-03-05 18:52:51.753,20260305200313,2026-03-05 20:49:10.288
48832968857,2026-03-09 01:00:00.000,Mobile,NO0157RA,1.0000000,14400,0,4,0,0,0,0,0,0,0,14400,4,20260309100343,2026-03-09 10:48:12.482,20260309110340,2026-03-09 11:48:35.100
48833027073,2026-03-09 02:00:00.000,Mobile,NO0157RA,1.0000000,14400,0,4,0,0,0,0,0,0,0,14400,4,20260309100343,2026-03-09 10:48:12.482,20260309110340,2026-03-09 11:48:35.100
48918918120,2026-03-10 00:00:00.000,Mobile,NO0157RA,1.0000000,14400,0,4,0,0,0,0,0,0,0,14400,4,20260310090346,2026-03-10 09:48:53.662,20260310110343,2026-03-10 11:50:10.913
49395902218,2026-03-16 13:00:00.000,Mobile,NO0157RA,1.0000000,14400,0,4,0,0,0,0,0,0,0,14400,4,20260316200337,2026-03-16 20:48:06.632,20260316210337,2026-03-16 21:48:17.945
49396001250,2026-03-16 12:00:00.000,Mobile,NO0157RA,1.0000000,14400,0,4,0,0,0,0,0,0,0,14400,4,20260316200337,2026-03-16 20:48:06.632,20260316200337,2026-03-16 20:48:06.632
49374297503,2026-03-16 06:00:00.000,Mobile,NO0157RA,1.0000000,14400,0,4,0,0,0,0,0,0,0,14400,4,20260316140345,2026-03-16 14:48:30.050,20260316150338,2026-03-16 15:48:21.170
49371035453,2026-03-16 05:00:00.000,Mobile,NO0157RA,1.0000000,14400,0,4,0,0,0,0,0,0,0,14400,4,20260316130323,2026-03-16 13:51:10.919,20260316150338,2026-03-16 15:48:21.170
49383581338,2026-03-16 10:00:00.000,Mobile,NO0157RA,1.0000000,14400,0,4,0,0,0,0,0,0,0,14400,4,20260316170344,2026-03-16 17:48:13.520,20260316180341,2026-03-16 18:48:38.783
49380479696,2026-03-16 08:00:00.000,Mobile,NO0157RA,1.0000000,14400,0,4,0,0,0,0,0,0,0,14400,4,20260316160343,2026-03-16 16:56:36.201,20260316170344,2026-03-16 17:48:13.520
49380530166,2026-03-16 09:00:00.000,Mobile,NO0157RA,1.0000000,14400,0,4,0,0,0,0,0,0,0,14400,4,20260316160343,2026-03-16 16:56:36.201,20260316170344,2026-03-16 17:48:13.520
48175238330,2026-03-01 21:00:00.000,Mobile,NO0157RA,1.0000000,14400,0,4,0,0,0,0,0,0,0,14400,4,20260302090314,2026-03-02 09:54:09.135,20260302090314,2026-03-02 09:54:09.135
48184186908,2026-03-02 03:00:00.000,Mobile,NO0157RA,1.0000000,14400,0,4,0,0,0,0,0,0,0,14400,4,20260302120359,2026-03-02 12:49:26.315,20260302140302,2026-03-02 14:51:16.836
48181007357,2026-03-02 01:00:00.000,Mobile,NO0157RA,1.0000000,14400,0,4,0,0,0,0,0,0,0,14400,4,20260302110345,2026-03-02 11:49:33.148,20260302120359,2026-03-02 12:49:26.315
48180947695,2026-03-02 02:00:00.000,Mobile,NO0157RA,1.0000000,14400,0,4,0,0,0,0,0,0,0,14400,4,20260302110345,2026-03-02 11:49:33.148,20260302120359,2026-03-02 12:49:26.315
48190599877,2026-03-02 05:00:00.000,Mobile,NO0157RA,1.0000000,14400,0,4,0,0,0,0,0,0,0,14400,4,20260302140302,2026-03-02 14:51:16.836,20260302150340,2026-03-02 15:50:51.981
48190714768,2026-03-02 04:00:00.000,Mobile,NO0157RA,1.0000000,14400,0,4,0,0,0,0,0,0,0,14400,4,20260302140302,2026-03-02 14:51:16.836,20260302140302,2026-03-02 14:51:16.836
48159427056,2026-03-01 19:00:00.000,Mobile,NO0157RA,1.0000000,14400,0,4,0,0,0,0,0,0,0,14400,4,20260302050340,2026-03-02 05:52:35.096,20260302090314,2026-03-02 09:54:09.135
48151199652,2026-03-01 18:00:00.000,Mobile,NO0157RA,1.0000000,14400,0,4,0,0,0,0,0,0,0,14400,4,20260302030341,2026-03-02 03:54:58.124,20260302030341,2026-03-02 03:54:58.124
48142987151,2026-03-01 16:00:00.000,Mobile,NO0157RA,1.0000000,14400,0,4,0,0,0,0,0,0,0,14400,4,20260302010305,2026-03-02 01:50:48.884,20260302010305,2026-03-02 01:50:48.884
48142961634,2026-03-01 17:00:00.000,Mobile,NO0157RA,1.0000000,14400,0,4,0,0,0,0,0,0,0,14400,4,20260302010305,2026-03-02 01:50:48.884,20260302030341,2026-03-02 03:54:58.124
48104616896,2026-03-01 07:00:00.000,Mobile,NO0157RA,1.0000000,14400,0,4,0,0,0,0,0,0,0,14400,4,20260301150341,2026-03-01 15:49:08.273,20260301160334,2026-03-01 16:50:14.120
48126336379,2026-03-01 12:00:00.000,Mobile,NO0157RA,1.0000000,14400,0,4,0,0,0,0,0,0,0,14400,4,20260301210336,2026-03-01 21:49:41.730,20260301230328,2026-03-01 23:50:26.594
48117988959,2026-03-01 08:00:00.000,Mobile,NO0157RA,1.0000000,14400,0,4,0,0,0,0,0,0,0,14400,4,20260301190346,2026-03-01 19:48:47.970,20260301190346,2026-03-01 19:48:47.970
48117971098,2026-03-01 10:00:00.000,Mobile,NO0157RA,1.0000000,14400,0,4,0,0,0,0,0,0,0,14400,4,20260301190346,2026-03-01 19:48:47.970,20260301190346,2026-03-01 19:48:47.970
48117973949,2026-03-01 11:00:00.000,Mobile,NO0157RA,1.0000000,14400,0,4,0,0,0,0,0,0,0,14400,4,20260301190346,2026-03-01 19:48:47.970,20260301230328,2026-03-01 23:50:26.594
48178127557,2026-03-02 00:00:00.000,Mobile,NO0157RA,1.0000000,14400,0,4,0,0,0,0,0,0,0,14400,4,20260302100307,2026-03-02 10:49:21.141,20260302120359,2026-03-02 12:49:26.315
48212781434,2026-03-02 11:00:00.000,Mobile,NO0157RA,1.0000000,14400,0,4,0,0,0,0,0,0,0,14400,4,20260302200331,2026-03-02 20:50:41.722,20260302200331,2026-03-02 20:50:41.722
48732813312,2026-03-07 22:00:00.000,Mobile,NO0157RA,1.0000000,14400,0,4,0,0,0,0,0,0,0,14400,4,20260308070338,2026-03-08 07:48:30.176,20260308070338,2026-03-08 07:48:30.176
48732882600,2026-03-07 23:00:00.000,Mobile,NO0157RA,1.0000000,14400,0,4,0,0,0,0,0,0,0,14400,4,20260308070338,2026-03-08 07:48:30.176,20260308080340,2026-03-08 08:48:17.411
48603632619,2026-03-06 13:00:00.000,Mobile,NO0157RA,1.0000000,14400,0,4,0,0,0,0,0,0,0,14400,4,20260306220343,2026-03-06 22:48:17.280,20260306230338,2026-03-06 23:48:15.716
48595410984,2026-03-06 07:00:00.000,Mobile,NO0157RA,1.0000000,14400,0,4,0,0,0,0,0,0,0,14400,4,20260306200306,2026-03-06 20:48:57.069,20260306200306,2026-03-06 20:48:57.069
48595523486,2026-03-06 00:00:00.000,Mobile,NO0157RA,1.0000000,14400,0,4,0,0,0,0,0,0,0,14400,4,20260306200306,2026-03-06 20:48:57.069,20260306200306,2026-03-06 20:48:57.069
48665720210,2026-03-07 04:00:00.000,Mobile,NO0157RA,1.0000000,14400,0,4,0,0,0,0,0,0,0,14400,4,20260307140343,2026-03-07 14:47:56.469,20260307140343,2026-03-07 14:47:56.469
48659553062,2026-03-07 03:00:00.000,Mobile,NO0157RA,1.0000000,14400,0,4,0,0,0,0,0,0,0,14400,4,20260307120336,2026-03-07 12:48:05.898,20260307170345,2026-03-07 17:48:18.573
48668800277,2026-03-07 05:00:00.000,Mobile,NO0157RA,1.0000000,14400,0,4,0,0,0,0,0,0,0,14400,4,20260307150312,2026-03-07 15:48:40.287,20260307150312,2026-03-07 15:48:40.287
48668893056,2026-03-07 06:00:00.000,Mobile,NO0157RA,1.0000000,14400,0,4,0,0,0,0,0,0,0,14400,4,20260307150312,2026-03-07 15:48:40.287,20260307150312,2026-03-07 15:48:40.287
48668888259,2026-03-07 07:00:00.000,Mobile,NO0157RA,1.0000000,14400,0,4,0,0,0,0,0,0,0,3600,1,20260307150312,2026-03-07 15:48:40.287,20260307160338,2026-03-07 16:48:12.209
48697749128,2026-03-07 15:00:00.000,Mobile,NO0157RA,1.0000000,14400,0,4,0,0,0,0,0,0,0,14400,4,20260307230336,2026-03-07 23:48:22.108,20260308010339,2026-03-08 01:48:58.649
48682170724,2026-03-07 10:00:00.000,Mobile,NO0157RA,1.0000000,14400,0,4,0,0,0,0,0,0,0,14400,4,20260307190337,2026-03-07 19:48:17.347,20260307190337,2026-03-07 19:48:17.347
48637014760,2026-03-06 22:00:00.000,Mobile,NO0157RA,1.0000000,14400,0,4,0,0,0,0,0,0,0,14400,4,20260307060337,2026-03-07 06:48:27.830,20260307080331,2026-03-07 08:48:15.597
48489813715,2026-03-05 13:00:00.000,Mobile,NO0157RA,1.0000000,14400,0,4,0,0,0,0,0,0,0,14400,4,20260305210302,2026-03-05 21:51:53.025,20260305230352,2026-03-05 23:50:07.015
48747202619,2026-03-08 03:00:00.000,Mobile,NO0157RA,1.0000000,14400,0,4,0,0,0,0,0,0,0,14400,4,20260308110345,2026-03-08 11:48:05.461,20260308130347,2026-03-08 13:48:25.358
48747145008,2026-03-08 01:00:00.000,Mobile,NO0157RA,1.0000000,14400,0,4,0,0,0,0,0,0,0,14400,4,20260308110345,2026-03-08 11:48:05.461,20260308120345,2026-03-08 12:47:54.002
48693495769,2026-03-07 14:00:00.000,Mobile,NO0157RA,1.0000000,14400,0,4,0,0,0,0,0,0,0,14400,4,20260307220337,2026-03-07 22:48:09.630,20260307230336,2026-03-07 23:48:22.108
48693556286,2026-03-07 13:00:00.000,Mobile,NO0157RA,1.0000000,14400,0,4,0,0,0,0,0,0,0,14400,4,20260307220337,2026-03-07 22:48:09.630,20260307220337,2026-03-07 22:48:09.630
48714019022,2026-03-07 18:00:00.000,Mobile,NO0157RA,1.0000000,14400,0,4,0,0,0,0,0,0,0,14400,4,20260308030346,2026-03-08 03:54:47.825,20260308030346,2026-03-08 03:54:47.825
48714129132,2026-03-07 19:00:00.000,Mobile,NO0157RA,1.0000000,14400,0,4,0,0,0,0,0,0,0,14400,4,20260308030346,2026-03-08 03:54:47.825,20260308050337,2026-03-08 05:48:49.464
48706109128,2026-03-07 16:00:00.000,Mobile,NO0157RA,1.0000000,14400,0,4,0,0,0,0,0,0,0,14400,4,20260308010339,2026-03-08 01:48:58.649,20260308030346,2026-03-08 03:54:47.825
48706115673,2026-03-07 17:00:00.000,Mobile,NO0157RA,1.0000000,14400,0,4,0,0,0,0,0,0,0,14400,4,20260308010339,2026-03-08 01:48:58.649,20260308050337,2026-03-08 05:48:49.464
48591374887,2026-03-06 03:00:00.000,Mobile,NO0157RA,1.0000000,14400,0,4,0,0,0,0,0,0,0,14400,4,20260306190338,2026-03-06 19:48:49.987,20260306190338,2026-03-06 19:48:49.987
48591310296,2026-03-06 05:00:00.000,Mobile,NO0157RA,1.0000000,14400,0,4,0,0,0,0,0,0,0,14400,4,20260306190338,2026-03-06 19:48:49.987,20260306190338,2026-03-06 19:48:49.987
48591616360,2026-03-06 04:00:00.000,Mobile,NO0157RA,1.0000000,14400,0,4,0,0,0,0,0,0,0,14400,4,20260306190338,2026-03-06 19:48:49.987,20260306190338,2026-03-06 19:48:49.987
48591528220,2026-03-06 02:00:00.000,Mobile,NO0157RA,1.0000000,14400,0,4,0,0,0,0,0,0,0,14400,4,20260306190338,2026-03-06 19:48:49.987,20260306190338,2026-03-06 19:48:49.987
49722276374,2026-03-19 21:00:00.000,Mobile,NO0157RA,1.0000000,14400,0,4,0,0,0,0,0,0,0,14400,4,20260320170336,2026-03-20 17:48:09.067,20260320170336,2026-03-20 17:48:09.067
49722277283,2026-03-19 18:00:00.000,Mobile,NO0157RA,1.0000000,14400,0,4,0,0,0,0,0,0,0,14400,4,20260320170336,2026-03-20 17:48:09.067,20260320170336,2026-03-20 17:48:09.067
49722211189,2026-03-19 23:00:00.000,Mobile,NO0157RA,1.0000000,14400,0,4,0,0,0,0,0,0,0,14400,4,20260320170336,2026-03-20 17:48:09.067,20260320170336,2026-03-20 17:48:09.067
49722482406,2026-03-19 22:00:00.000,Mobile,NO0157RA,1.0000000,14400,0,4,0,0,0,0,0,0,0,14400,4,20260320170336,2026-03-20 17:48:09.067,20260320170336,2026-03-20 17:48:09.067
49722726293,2026-03-19 16:00:00.000,Mobile,NO0157RA,1.0000000,14400,0,4,0,0,0,0,0,0,0,14400,4,20260320170336,2026-03-20 17:48:09.067,20260320170336,2026-03-20 17:48:09.067
49722561080,2026-03-19 20:00:00.000,Mobile,NO0157RA,1.0000000,14400,0,4,0,0,0,0,0,0,0,14400,4,20260320170336,2026-03-20 17:48:09.067,20260320170336,2026-03-20 17:48:09.067
49722646848,2026-03-19 17:00:00.000,Mobile,NO0157RA,1.0000000,14400,0,4,0,0,0,0,0,0,0,14400,4,20260320170336,2026-03-20 17:48:09.067,20260320170336,2026-03-20 17:48:09.067
49722681638,2026-03-19 19:00:00.000,Mobile,NO0157RA,1.0000000,14400,0,4,0,0,0,0,0,0,0,14400,4,20260320170336,2026-03-20 17:48:09.067,20260320170336,2026-03-20 17:48:09.067
48134548387,2026-03-01 14:00:00.000,Mobile,NO0157RA,1.0000000,14400,0,4,0,0,0,0,0,0,0,14400,4,20260301230328,2026-03-01 23:50:26.594,20260301230328,2026-03-01 23:50:26.594
48134578256,2026-03-01 13:00:00.000,Mobile,NO0157RA,1.0000000,14400,0,4,0,0,0,0,0,0,0,14400,4,20260301230328,2026-03-01 23:50:26.594,20260301230328,2026-03-01 23:50:26.594
48134627427,2026-03-01 15:00:00.000,Mobile,NO0157RA,1.0000000,14400,0,4,0,0,0,0,0,0,0,14400,4,20260301230328,2026-03-01 23:50:26.594,20260302030341,2026-03-02 03:54:58.124
48236897528,2026-03-02 18:00:00.000,Mobile,NO0157RA,1.0000000,14400,0,4,0,0,0,0,0,0,0,14400,4,20260303020301,2026-03-03 02:49:21.959,20260303030349,2026-03-03 03:49:25.120
48241024156,2026-03-02 19:00:00.000,Mobile,NO0157RA,1.0000000,14400,0,4,0,0,0,0,0,0,0,14400,4,20260303030349,2026-03-03 03:49:25.120,20260303050344,2026-03-03 05:53:08.978
48241071596,2026-03-02 17:00:00.000,Mobile,NO0157RA,1.0000000,14400,0,4,0,0,0,0,0,0,0,14400,4,20260303030349,2026-03-03 03:49:25.120,20260303030349,2026-03-03 03:49:25.120
48220808844,2026-03-02 13:00:00.000,Mobile,NO0157RA,1.0000000,14400,0,4,0,0,0,0,0,0,0,14400,4,20260302220333,2026-03-02 22:49:58.779,20260302220333,2026-03-02 22:49:58.779
48220839268,2026-03-02 12:00:00.000,Mobile,NO0157RA,1.0000000,14400,0,4,0,0,0,0,0,0,0,14400,4,20260302220333,2026-03-02 22:49:58.779,20260302220333,2026-03-02 22:49:58.779
48220893021,2026-03-02 14:00:00.000,Mobile,NO0157RA,1.0000000,14400,0,4,0,0,0,0,0,0,0,14400,4,20260302220333,2026-03-02 22:49:58.779,20260303000320,2026-03-03 00:52:26.645
48193836825,2026-03-02 06:00:00.000,Mobile,NO0157RA,1.0000000,14400,0,4,0,0,0,0,0,0,0,14400,4,20260302150340,2026-03-02 15:50:51.981,20260302150340,2026-03-02 15:50:51.981
48193840276,2026-03-02 07:00:00.000,Mobile,NO0157RA,1.0000000,14400,0,4,0,0,0,0,0,0,0,14400,4,20260302150340,2026-03-02 15:50:51.981,20260302190325,2026-03-02 19:51:11.861
48204671047,2026-03-02 10:00:00.000,Mobile,NO0157RA,1.0000000,14400,0,4,0,0,0,0,0,0,0,14400,4,20260302180326,2026-03-02 18:51:30.060,20260302200331,2026-03-02 20:50:41.722
49408357259,2026-03-16 15:00:00.000,Mobile,NO0157RA,1.0000000,14400,0,4,0,0,0,0,0,0,0,14400,4,20260316230344,2026-03-16 23:48:46.228,20260316230344,2026-03-16 23:48:46.228
49408333375,2026-03-16 16:00:00.000,Mobile,NO0157RA,1.0000000,14400,0,4,0,0,0,0,0,0,0,14400,4,20260316230344,2026-03-16 23:48:46.228,20260317000349,2026-03-17 00:48:31.519
49412501000,2026-03-16 17:00:00.000,Mobile,NO0157RA,1.0000000,14400,0,4,0,0,0,0,0,0,0,14400,4,20260317000349,2026-03-17 00:48:31.519,20260317020339,2026-03-17 02:48:52.955
49349789870,2026-03-15 23:00:00.000,Mobile,NO0157RA,1.0000000,14400,0,4,0,0,0,0,0,0,0,14400,4,20260316060346,2026-03-16 06:49:43.028,20260316070342,2026-03-16 07:51:37.162
49334100445,2026-03-15 14:00:00.000,Mobile,NO0157RA,1.0000000,14400,0,4,0,0,0,0,0,0,0,14400,4,20260316030333,2026-03-16 03:49:04.858,20260316030333,2026-03-16 03:49:04.858
48925171610,2026-03-10 03:00:00.000,Mobile,NO0157RA,1.0000000,7200,0,4,0,0,0,0,0,0,0,10800,4,20260310110343,2026-03-10 11:50:10.913,20260310110343,2026-03-10 11:50:10.913
49334234246,2026-03-14 08:00:00.000,Mobile,NO0157RA,1.0000000,14400,0,4,0,0,0,0,0,0,0,14400,4,20260316030333,2026-03-16 03:49:04.858,20260316030333,2026-03-16 03:49:04.858
49334387180,2026-03-14 13:00:00.000,Mobile,NO0157RA,1.0000000,14400,0,4,0,0,0,0,0,0,0,14400,4,20260316030333,2026-03-16 03:49:04.858,20260316030333,2026-03-16 03:49:04.858
49336312636,2026-03-14 17:00:00.000,Mobile,NO0157RA,1.0000000,14400,0,4,0,0,0,0,0,0,0,14400,4,20260316030333,2026-03-16 03:49:04.858,20260316030333,2026-03-16 03:49:04.858
49344325328,2026-03-15 16:00:00.000,Mobile,NO0157RA,1.0000000,14400,0,4,0,0,0,0,0,0,0,14400,4,20260316050346,2026-03-16 05:49:37.091,20260316050346,2026-03-16 05:49:37.091
49344537668,2026-03-15 20:00:00.000,Mobile,NO0157RA,1.0000000,14400,0,4,0,0,0,0,0,0,0,14400,4,20260316050346,2026-03-16 05:49:37.091,20260316050346,2026-03-16 05:49:37.091
49400100614,2026-03-16 14:00:00.000,Mobile,NO0157RA,1.0000000,14400,0,4,0,0,0,0,0,0,0,14400,4,20260316210337,2026-03-16 21:48:17.945,20260316230344,2026-03-16 23:48:46.228
48362056326,2026-03-04 02:00:00.000,Mobile,NO0157RA,1.0000000,14400,0,4,0,0,0,0,0,0,0,14400,4,20260304110331,2026-03-04 11:52:19.691,20260304120349,2026-03-04 12:49:09.283
48362127705,2026-03-04 03:00:00.000,Mobile,NO0157RA,1.0000000,14400,0,4,0,0,0,0,0,0,0,14400,4,20260304110331,2026-03-04 11:52:19.691,20260304150355,2026-03-04 15:49:18.438
48348098350,2026-03-03 21:00:00.000,Mobile,NO0157RA,1.0000000,14400,0,4,0,0,0,0,0,0,0,14400,4,20260304070312,2026-03-04 08:08:07.087,20260304070312,2026-03-04 08:08:07.087
48348151536,2026-03-03 23:00:00.000,Mobile,NO0157RA,1.0000000,14400,0,4,0,0,0,0,0,0,0,14400,4,20260304070312,2026-03-04 08:08:07.087,20260304070312,2026-03-04 08:08:07.087
48348401133,2026-03-03 20:00:00.000,Mobile,NO0157RA,1.0000000,14400,0,4,0,0,0,0,0,0,0,14400,4,20260304070312,2026-03-04 08:08:07.087,20260304070312,2026-03-04 08:08:07.087
48348393476,2026-03-03 22:00:00.000,Mobile,NO0157RA,1.0000000,14400,0,4,0,0,0,0,0,0,0,14400,4,20260304070312,2026-03-04 08:08:07.087,20260304070312,2026-03-04 08:08:07.087
48279696621,2026-03-03 04:00:00.000,Mobile,NO0157RA,1.0000000,14400,0,4,0,0,0,0,0,0,0,14400,4,20260303130348,2026-03-03 13:54:38.404,20260303140345,2026-03-03 14:51:05.916
48200814150,2026-03-02 08:00:00.000,Mobile,NO0157RA,1.0000000,14400,0,4,0,0,0,0,0,0,0,14400,4,20260302170301,2026-03-02 17:50:53.582,20260302170301,2026-03-02 17:50:53.582
48200829058,2026-03-02 09:00:00.000,Mobile,NO0157RA,1.0000000,14400,0,4,0,0,0,0,0,0,0,14400,4,20260302170301,2026-03-02 17:50:53.582,20260302180326,2026-03-02 18:51:30.060
48175215550,2026-03-01 20:00:00.000,Mobile,NO0157RA,1.0000000,14400,0,4,0,0,0,0,0,0,0,14400,4,20260302090314,2026-03-02 09:54:09.135,20260302090314,2026-03-02 09:54:09.135
48175207863,2026-03-01 23:00:00.000,Mobile,NO0157RA,1.0000000,14400,0,4,0,0,0,0,0,0,0,14400,4,20260302090314,2026-03-02 09:54:09.135,20260302090314,2026-03-02 09:54:09.135
48175291320,2026-03-01 22:00:00.000,Mobile,NO0157RA,1.0000000,14400,0,4,0,0,0,0,0,0,0,14400,4,20260302090314,2026-03-02 09:54:09.135,20260302090314,2026-03-02 09:54:09.135
48273424570,2026-03-03 02:00:00.000,Mobile,NO0157RA,1.0000000,14400,0,4,0,0,0,0,0,0,0,14400,4,20260303110310,2026-03-03 11:55:07.305,20260303120358,2026-03-03 12:51:21.389
48228811449,2026-03-02 16:00:00.000,Mobile,NO0157RA,1.0000000,14400,0,4,0,0,0,0,0,0,0,14400,4,20260303000320,2026-03-03 00:52:26.645,20260303010307,2026-03-03 01:58:28.023
48228774237,2026-03-02 15:00:00.000,Mobile,NO0157RA,1.0000000,14400,0,4,0,0,0,0,0,0,0,14400,4,20260303000320,2026-03-03 00:52:26.645,20260303000320,2026-03-03 00:52:26.645
49327831596,2026-03-14 06:00:00.000,Mobile,NO0157RA,1.0000000,14400,0,4,0,0,0,0,0,0,0,14400,4,20260316010357,2026-03-16 01:48:59.634,20260316010357,2026-03-16 01:48:59.634
49328098252,2026-03-14 00:00:00.000,Mobile,NO0157RA,1.0000000,14400,0,4,0,0,0,0,0,0,0,14400,4,20260316010357,2026-03-16 01:48:59.634,20260316010357,2026-03-16 01:48:59.634
49328367220,2026-03-14 07:00:00.000,Mobile,NO0157RA,1.0000000,14400,0,4,0,0,0,0,0,0,0,14400,4,20260316010357,2026-03-16 01:48:59.634,20260316010357,2026-03-16 01:48:59.634
49327855223,2026-03-14 05:00:00.000,Mobile,NO0157RA,1.0000000,14400,0,4,0,0,0,0,0,0,0,14400,4,20260316010357,2026-03-16 01:48:59.634,20260316010357,2026-03-16 01:48:59.634
49328128163,2026-03-15 07:00:00.000,Mobile,NO0157RA,1.0000000,14400,0,4,0,0,0,0,0,0,0,14400,4,20260316010357,2026-03-16 01:48:59.634,20260316010357,2026-03-16 01:48:59.634
49327665980,2026-03-15 02:00:00.000,Mobile,NO0157RA,1.0000000,14400,0,4,0,0,0,0,0,0,0,14400,4,20260316010357,2026-03-16 01:48:59.634,20260316010357,2026-03-16 01:48:59.634
49328146904,2026-03-14 02:00:00.000,Mobile,NO0157RA,1.0000000,14400,0,4,0,0,0,0,0,0,0,14400,4,20260316010357,2026-03-16 01:48:59.634,20260316010357,2026-03-16 01:48:59.634
49327779511,2026-03-15 05:00:00.000,Mobile,NO0157RA,1.0000000,14400,0,4,0,0,0,0,0,0,0,14400,4,20260316010357,2026-03-16 01:48:59.634,20260316010357,2026-03-16 01:48:59.634
49328444961,2026-03-14 03:00:00.000,Mobile,NO0157RA,1.0000000,14400,0,4,0,0,0,0,0,0,0,14400,4,20260316010357,2026-03-16 01:48:59.634,20260316010357,2026-03-16 01:48:59.634
48890271403,2026-03-09 19:00:00.000,Mobile,NO0157RA,1.0000000,14400,0,4,0,0,0,0,0,0,0,14400,4,20260310020344,2026-03-10 02:48:41.140,20260310040343,2026-03-10 04:49:04.667
48890310866,2026-03-09 18:00:00.000,Mobile,NO0157RA,1.0000000,14400,0,4,0,0,0,0,0,0,0,14400,4,20260310020344,2026-03-10 02:48:41.140,20260310020344,2026-03-10 02:48:41.140
48865553599,2026-03-09 12:00:00.000,Mobile,NO0157RA,1.0000000,14400,0,4,0,0,0,0,0,0,0,14400,4,20260309200334,2026-03-09 20:49:58.252,20260309200334,2026-03-09 20:49:58.252
48865646867,2026-03-09 13:00:00.000,Mobile,NO0157RA,1.0000000,14400,0,4,0,0,0,0,0,0,0,14400,4,20260309200334,2026-03-09 20:49:58.252,20260310000343,2026-03-10 00:48:43.945
48769095809,2026-03-08 10:00:00.000,Mobile,NO0157RA,1.0000000,14400,0,4,0,0,0,0,0,0,0,14400,4,20260308180340,2026-03-08 18:48:34.008,20260308190355,2026-03-08 19:48:45.663
48802249693,2026-03-08 19:00:00.000,Mobile,NO0157RA,1.0000000,14400,0,4,0,0,0,0,0,0,0,14400,4,20260309020344,2026-03-09 02:51:12.627,20260309050340,2026-03-09 05:48:32.153
48802337720,2026-03-08 17:00:00.000,Mobile,NO0157RA,1.0000000,14400,0,4,0,0,0,0,0,0,0,14400,4,20260309020344,2026-03-09 02:51:12.627,20260309020344,2026-03-09 02:51:12.627
48802416392,2026-03-08 18:00:00.000,Mobile,NO0157RA,1.0000000,14400,0,4,0,0,0,0,0,0,0,14400,4,20260309020344,2026-03-09 02:51:12.627,20260309040342,2026-03-09 04:48:18.538
48785761801,2026-03-08 14:00:00.000,Mobile,NO0157RA,1.0000000,14400,0,4,0,0,0,0,0,0,0,14400,4,20260308220345,2026-03-08 22:49:02.821,20260308220345,2026-03-08 22:49:02.821
48785692752,2026-03-08 15:00:00.000,Mobile,NO0157RA,1.0000000,14400,0,4,0,0,0,0,0,0,0,14400,4,20260308220345,2026-03-08 22:49:02.821,20260308230343,2026-03-08 23:48:38.663
48830200696,2026-03-09 00:00:00.000,Mobile,NO0157RA,1.0000000,14400,0,4,0,0,0,0,0,0,0,14400,4,20260309090345,2026-03-09 09:48:23.513,20260309110340,2026-03-09 11:48:35.100
48743984312,2026-03-08 00:00:00.000,Mobile,NO0157RA,1.0000000,14400,0,4,0,0,0,0,0,0,0,14400,4,20260308100340,2026-03-08 10:49:01.349,20260308120345,2026-03-08 12:47:54.002
48814656127,2026-03-08 20:00:00.000,Mobile,NO0157RA,1.0000000,14400,0,4,0,0,0,0,0,0,0,14400,4,20260309050340,2026-03-09 05:48:32.153,20260309050340,2026-03-09 05:48:32.153
48814769452,2026-03-08 21:00:00.000,Mobile,NO0157RA,1.0000000,14400,0,4,0,0,0,0,0,0,0,14400,4,20260309050340,2026-03-09 05:48:32.153,20260309060339,2026-03-09 06:57:46.202
48722458204,2026-03-07 20:00:00.000,Mobile,NO0157RA,1.0000000,14400,0,4,0,0,0,0,0,0,0,14400,4,20260308050337,2026-03-08 05:48:49.464,20260308050337,2026-03-08 05:48:49.464
48722611160,2026-03-07 21:00:00.000,Mobile,NO0157RA,1.0000000,14400,0,4,0,0,0,0,0,0,0,14400,4,20260308050337,2026-03-08 05:48:49.464,20260308070338,2026-03-08 07:48:30.176
48818883752,2026-03-08 22:00:00.000,Mobile,NO0157RA,1.0000000,14400,0,4,0,0,0,0,0,0,0,14400,4,20260309060339,2026-03-09 06:57:46.202,20260309060339,2026-03-09 06:57:46.202
48818885377,2026-03-08 23:00:00.000,Mobile,NO0157RA,1.0000000,14400,0,4,0,0,0,0,0,0,0,14400,4,20260309060339,2026-03-09 06:57:46.202,20260309080333,2026-03-09 08:48:04.093
48497931364,2026-03-05 15:00:00.000,Mobile,NO0157RA,1.0000000,14400,0,4,0,0,0,0,0,0,0,14400,4,20260305230352,2026-03-05 23:50:07.015,20260306010306,2026-03-06 01:48:49.846
48497934191,2026-03-05 14:00:00.000,Mobile,NO0157RA,1.0000000,14400,0,4,0,0,0,0,0,0,0,14400,4,20260305230352,2026-03-05 23:50:07.015,20260305230352,2026-03-05 23:50:07.015
48599330646,2026-03-06 11:00:00.000,Mobile,NO0157RA,1.0000000,14400,0,4,0,0,0,0,0,0,0,14400,4,20260306210348,2026-03-06 21:49:07.618,20260306210348,2026-03-06 21:49:07.618
48599159988,2026-03-06 12:00:00.000,Mobile,NO0157RA,1.0000000,14400,0,4,0,0,0,0,0,0,0,14400,4,20260306210348,2026-03-06 21:49:07.618,20260306220343,2026-03-06 22:48:17.280
48599316007,2026-03-06 09:00:00.000,Mobile,NO0157RA,1.0000000,14400,0,4,0,0,0,0,0,0,0,14400,4,20260306210348,2026-03-06 21:49:07.618,20260306210348,2026-03-06 21:49:07.618
48599473704,2026-03-06 08:00:00.000,Mobile,NO0157RA,1.0000000,14400,0,4,0,0,0,0,0,0,0,14400,4,20260306210348,2026-03-06 21:49:07.618,20260306210348,2026-03-06 21:49:07.618
48656386491,2026-03-07 02:00:00.000,Mobile,NO0157RA,1.0000000,14400,0,4,0,0,0,0,0,0,0,14400,4,20260307110340,2026-03-07 11:49:04.772,20260307120336,2026-03-07 12:48:05.898
48656420414,2026-03-07 01:00:00.000,Mobile,NO0157RA,1.0000000,14400,0,4,0,0,0,0,0,0,0,14400,4,20260307110340,2026-03-07 11:49:04.772,20260307120336,2026-03-07 12:48:05.898
48685425656,2026-03-07 09:00:00.000,Mobile,NO0157RA,1.0000000,14400,0,4,0,0,0,0,0,0,0,14400,4,20260307200343,2026-03-07 20:48:14.435,20260307200343,2026-03-07 20:48:14.435
48685430898,2026-03-07 11:00:00.000,Mobile,NO0157RA,1.0000000,14400,0,4,0,0,0,0,0,0,0,14400,4,20260307200343,2026-03-07 20:48:14.435,20260307220337,2026-03-07 22:48:09.630
48685501342,2026-03-07 12:00:00.000,Mobile,NO0157RA,1.0000000,14400,0,4,0,0,0,0,0,0,0,14400,4,20260307200343,2026-03-07 20:48:14.435,20260307220337,2026-03-07 22:48:09.630
48675228001,2026-03-07 08:00:00.000,Mobile,NO0157RA,1.0000000,14400,0,4,0,0,0,0,0,0,0,14400,4,20260307170345,2026-03-07 17:48:18.573,20260307170345,2026-03-07 17:48:18.573
49433022173,2026-03-16 20:00:00.000,Mobile,NO0157RA,1.0000000,14400,0,4,0,0,0,0,0,0,0,14400,4,20260317050346,2026-03-17 05:48:33.280,20260317050346,2026-03-17 05:48:33.280
49433028807,2026-03-16 21:00:00.000,Mobile,NO0157RA,1.0000000,14400,0,4,0,0,0,0,0,0,0,14400,4,20260317050346,2026-03-17 05:48:33.280,20260317050346,2026-03-17 05:48:33.280
49433206126,2026-03-16 22:00:00.000,Mobile,NO0157RA,1.0000000,14400,0,4,0,0,0,0,0,0,0,14400,4,20260317050346,2026-03-17 05:48:33.280,20260317060348,2026-03-17 06:58:18.435
49344568394,2026-03-15 22:00:00.000,Mobile,NO0157RA,1.0000000,14400,0,4,0,0,0,0,0,0,0,14400,4,20260316050346,2026-03-16 05:49:37.091,20260316060346,2026-03-16 06:49:43.028
49344640930,2026-03-15 21:00:00.000,Mobile,NO0157RA,1.0000000,14400,0,4,0,0,0,0,0,0,0,14400,4,20260316050346,2026-03-16 05:49:37.091,20260316050346,2026-03-16 05:49:37.091
49344650378,2026-03-14 16:00:00.000,Mobile,NO0157RA,1.0000000,14400,0,4,0,0,0,0,0,0,0,14400,4,20260316050346,2026-03-16 05:49:37.091,20260316050346,2026-03-16 05:49:37.091
49377383919,2026-03-16 07:00:00.000,Mobile,NO0157RA,1.0000000,14400,0,4,0,0,0,0,0,0,0,14400,4,20260316150338,2026-03-16 15:48:21.170,20260316160343,2026-03-16 16:56:36.201
49387778597,2026-03-16 11:00:00.000,Mobile,NO0157RA,1.0000000,14400,0,4,0,0,0,0,0,0,0,14400,4,20260316180341,2026-03-16 18:48:38.783,20260316200337,2026-03-16 20:48:06.632
49328467678,2026-03-14 04:00:00.000,Mobile,NO0157RA,1.0000000,14400,0,4,0,0,0,0,0,0,0,14400,4,20260316010357,2026-03-16 01:48:59.634,20260316010357,2026-03-16 01:48:59.634
49420775830,2026-03-16 18:00:00.000,Mobile,NO0157RA,1.0000000,14400,0,4,0,0,0,0,0,0,0,14400,4,20260317020339,2026-03-17 02:48:52.955,20260317020339,2026-03-17 02:48:52.955
49420721116,2026-03-16 19:00:00.000,Mobile,NO0157RA,1.0000000,14400,0,4,0,0,0,0,0,0,0,14400,4,20260317020339,2026-03-17 02:48:52.955,20260317050346,2026-03-17 05:48:33.280
48882074221,2026-03-09 14:00:00.000,Mobile,NO0157RA,1.0000000,14400,0,4,0,0,0,0,0,0,0,14400,4,20260310000343,2026-03-10 00:48:43.945,20260310000343,2026-03-10 00:48:43.945
48882289627,2026-03-09 17:00:00.000,Mobile,NO0157RA,1.0000000,14400,0,4,0,0,0,0,0,0,0,14400,4,20260310000343,2026-03-10 00:48:43.945,20260310020344,2026-03-10 02:48:41.140
48882093148,2026-03-09 15:00:00.000,Mobile,NO0157RA,1.0000000,14400,0,4,0,0,0,0,0,0,0,14400,4,20260310000343,2026-03-10 00:48:43.945,20260310000343,2026-03-10 00:48:43.945
48836095602,2026-03-09 03:00:00.000,Mobile,NO0157RA,1.0000000,14400,0,4,0,0,0,0,0,0,0,14400,4,20260309110340,2026-03-09 11:48:35.100,20260309120301,2026-03-09 12:48:11.187
48839189622,2026-03-09 04:00:00.000,Mobile,NO0157RA,1.0000000,14400,0,4,0,0,0,0,0,0,0,14400,4,20260309120301,2026-03-09 12:48:11.187,20260309160335,2026-03-09 16:48:33.493
48844986606,2026-03-09 06:00:00.000,Mobile,NO0157RA,1.0000000,14400,0,4,0,0,0,0,0,0,0,14400,4,20260309140345,2026-03-09 14:48:24.823,20260309160335,2026-03-09 16:48:33.493
48845016107,2026-03-09 05:00:00.000,Mobile,NO0157RA,1.0000000,14400,0,4,0,0,0,0,0,0,0,14400,4,20260309140345,2026-03-09 14:48:24.823,20260309140345,2026-03-09 14:48:24.823
48850962665,2026-03-09 07:00:00.000,Mobile,NO0157RA,1.0000000,14400,0,4,0,0,0,0,0,0,0,14400,4,20260309160335,2026-03-09 16:48:33.493,20260309160335,2026-03-09 16:48:33.493
48854081797,2026-03-09 08:00:00.000,Mobile,NO0157RA,1.0000000,14400,0,4,0,0,0,0,0,0,0,14400,4,20260309170309,2026-03-09 17:48:49.693,20260309170309,2026-03-09 17:48:49.693
48854082161,2026-03-09 10:00:00.000,Mobile,NO0157RA,1.0000000,14400,0,4,0,0,0,0,0,0,0,14400,4,20260309170309,2026-03-09 17:48:49.693,20260309180342,2026-03-09 18:48:17.914
48854169691,2026-03-09 09:00:00.000,Mobile,NO0157RA,1.0000000,14400,0,4,0,0,0,0,0,0,0,14400,4,20260309170309,2026-03-09 17:48:49.693,20260309170309,2026-03-09 17:48:49.693
48916612284,2026-03-09 23:00:00.000,Mobile,NO0157RA,1.0000000,14400,0,4,0,0,0,0,0,0,0,14400,4,20260310080347,2026-03-10 08:48:16.806,20260310080347,2026-03-10 08:48:16.806
48898560687,2026-03-09 20:00:00.000,Mobile,NO0157RA,1.0000000,14400,0,4,0,0,0,0,0,0,0,14400,4,20260310040343,2026-03-10 04:49:04.667,20260310040343,2026-03-10 04:49:04.667
48400180958,2026-03-04 14:00:00.000,Mobile,NO0157RA,1.0000000,14400,0,4,0,0,0,0,0,0,0,14400,4,20260304220339,2026-03-04 22:49:18.550,20260305000344,2026-03-05 00:55:44.687
48368412002,2026-03-04 04:00:00.000,Mobile,NO0157RA,1.0000000,14400,0,4,0,0,0,0,0,0,0,14400,4,20260304130353,2026-03-04 13:48:20.281,20260304130353,2026-03-04 13:48:20.281
48368363581,2026-03-04 05:00:00.000,Mobile,NO0157RA,1.0000000,14400,0,4,0,0,0,0,0,0,0,14400,4,20260304130353,2026-03-04 13:48:20.281,20260304150355,2026-03-04 15:49:18.438
48445140237,2026-03-04 23:00:00.000,Mobile,NO0157RA,1.0000000,14400,0,4,0,0,0,0,0,0,0,14400,4,20260305080321,2026-03-05 08:54:04.959,20260305090336,2026-03-05 09:52:14.878
49336068365,2026-03-15 10:00:00.000,Mobile,NO0157RA,1.0000000,14400,0,4,0,0,0,0,0,0,0,14400,4,20260316030333,2026-03-16 03:49:04.858,20260316030333,2026-03-16 03:49:04.858
49334081706,2026-03-14 15:00:00.000,Mobile,NO0157RA,1.0000000,14400,0,4,0,0,0,0,0,0,0,14400,4,20260316030333,2026-03-16 03:49:04.858,20260316030333,2026-03-16 03:49:04.858
49334133143,2026-03-14 14:00:00.000,Mobile,NO0157RA,1.0000000,14400,0,4,0,0,0,0,0,0,0,14400,4,20260316030333,2026-03-16 03:49:04.858,20260316030333,2026-03-16 03:49:04.858
49334897653,2026-03-15 13:00:00.000,Mobile,NO0157RA,1.0000000,14400,0,4,0,0,0,0,0,0,0,14400,4,20260316030333,2026-03-16 03:49:04.858,20260316030333,2026-03-16 03:49:04.858
49335337742,2026-03-14 21:00:00.000,Mobile,NO0157RA,1.0000000,14400,0,4,0,0,0,0,0,0,0,14400,4,20260316030333,2026-03-16 03:49:04.858,20260316030333,2026-03-16 03:49:04.858
49334123506,2026-03-15 11:00:00.000,Mobile,NO0157RA,1.0000000,14400,0,4,0,0,0,0,0,0,0,14400,4,20260316030333,2026-03-16 03:49:04.858,20260316030333,2026-03-16 03:49:04.858
49334140681,2026-03-14 11:00:00.000,Mobile,NO0157RA,1.0000000,14400,0,4,0,0,0,0,0,0,0,14400,4,20260316030333,2026-03-16 03:49:04.858,20260316030333,2026-03-16 03:49:04.858
49334158136,2026-03-14 20:00:00.000,Mobile,NO0157RA,1.0000000,14400,0,4,0,0,0,0,0,0,0,14400,4,20260316030333,2026-03-16 03:49:04.858,20260316030333,2026-03-16 03:49:04.858
48756611964,2026-03-08 07:00:00.000,Mobile,NO0157RA,1.0000000,14400,0,4,0,0,0,0,0,0,0,14400,4,20260308140345,2026-03-08 14:48:22.468,20260308150343,2026-03-08 15:48:24.975
48756584704,2026-03-08 06:00:00.000,Mobile,NO0157RA,1.0000000,14400,0,4,0,0,0,0,0,0,0,14400,4,20260308140345,2026-03-08 14:48:22.468,20260308150343,2026-03-08 15:48:24.975
48591672076,2026-03-06 06:00:00.000,Mobile,NO0157RA,1.0000000,14400,0,4,0,0,0,0,0,0,0,14400,4,20260306190338,2026-03-06 19:48:49.987,20260306190338,2026-03-06 19:48:49.987
48753422956,2026-03-08 05:00:00.000,Mobile,NO0157RA,1.0000000,7200,0,4,0,0,0,0,0,0,0,7200,4,20260308130347,2026-03-08 13:48:25.358,20260308140345,2026-03-08 14:48:22.468
48753436539,2026-03-08 04:00:00.000,Mobile,NO0157RA,1.0000000,7200,0,4,0,0,0,0,0,0,0,7200,4,20260308130347,2026-03-08 13:48:25.358,20260308130347,2026-03-08 13:48:25.358
48789992412,2026-03-08 16:00:00.000,Mobile,NO0157RA,1.0000000,14400,0,4,0,0,0,0,0,0,0,14400,4,20260308230343,2026-03-08 23:48:38.663,20260309040342,2026-03-09 04:48:18.538
48781521217,2026-03-08 13:00:00.000,Mobile,NO0157RA,1.0000000,14400,0,4,0,0,0,0,0,0,0,14400,4,20260308210338,2026-03-08 21:48:43.609,20260308220345,2026-03-08 22:49:02.821
48773197787,2026-03-08 11:00:00.000,Mobile,NO0157RA,1.0000000,14400,0,4,0,0,0,0,0,0,0,14400,4,20260308190355,2026-03-08 19:48:45.663,20260308210338,2026-03-08 21:48:43.609
48773269366,2026-03-08 12:00:00.000,Mobile,NO0157RA,1.0000000,14400,0,4,0,0,0,0,0,0,0,14400,4,20260308190355,2026-03-08 19:48:45.663,20260308210338,2026-03-08 21:48:43.609
48762863589,2026-03-08 08:00:00.000,Mobile,NO0157RA,1.0000000,14400,0,4,0,0,0,0,0,0,0,14400,4,20260308160345,2026-03-08 16:48:19.628,20260308160345,2026-03-08 16:48:19.628
48762948844,2026-03-08 09:00:00.000,Mobile,NO0157RA,1.0000000,14400,0,4,0,0,0,0,0,0,0,14400,4,20260308160345,2026-03-08 16:48:19.628,20260308180340,2026-03-08 18:48:34.008
48264788382,2026-03-02 22:00:00.000,Mobile,NO0157RA,1.0000000,14400,0,4,0,0,0,0,0,0,0,14400,4,20260303080326,2026-03-03 08:51:05.521,20260303080326,2026-03-03 08:51:05.521
48264859324,2026-03-02 23:00:00.000,Mobile,NO0157RA,1.0000000,14400,0,4,0,0,0,0,0,0,0,14400,4,20260303080326,2026-03-03 08:51:05.521,20260303080326,2026-03-03 08:51:05.521
48264793552,2026-03-02 21:00:00.000,Mobile,NO0157RA,1.0000000,14400,0,4,0,0,0,0,0,0,0,14400,4,20260303080326,2026-03-03 08:51:05.521,20260303080326,2026-03-03 08:51:05.521
48335874518,2026-03-03 18:00:00.000,Mobile,NO0157RA,1.0000000,14400,0,4,0,0,0,0,0,0,0,14400,4,20260304040356,2026-03-04 05:07:41.157,20260304040356,2026-03-04 05:07:41.157
48335842669,2026-03-03 17:00:00.000,Mobile,NO0157RA,1.0000000,14400,0,4,0,0,0,0,0,0,0,14400,4,20260304040356,2026-03-04 05:07:41.157,20260304040356,2026-03-04 05:07:41.157
48335937066,2026-03-03 19:00:00.000,Mobile,NO0157RA,1.0000000,14400,0,4,0,0,0,0,0,0,0,14400,4,20260304040356,2026-03-04 05:07:41.157,20260304070312,2026-03-04 08:08:07.087
48311063473,2026-03-03 13:00:00.000,Mobile,NO0157RA,1.0000000,14400,0,4,0,0,0,0,0,0,0,14400,4,20260303220352,2026-03-03 22:49:32.758,20260303230342,2026-03-03 23:48:33.024
48323425729,2026-03-03 14:00:00.000,Mobile,NO0157RA,1.0000000,14400,0,4,0,0,0,0,0,0,0,14400,4,20260304010337,2026-03-04 01:49:15.742,20260304010337,2026-03-04 01:49:15.742
48323416845,2026-03-03 16:00:00.000,Mobile,NO0157RA,1.0000000,14400,0,4,0,0,0,0,0,0,0,14400,4,20260304010337,2026-03-04 01:49:15.742,20260304040356,2026-03-04 05:07:41.157
48295419841,2026-03-03 10:00:00.000,Mobile,NO0157RA,1.0000000,14400,0,4,0,0,0,0,0,0,0,14400,4,20260303180329,2026-03-03 18:49:54.183,20260303200342,2026-03-03 20:57:28.526
48295483339,2026-03-03 09:00:00.000,Mobile,NO0157RA,1.0000000,14400,0,4,0,0,0,0,0,0,0,14400,4,20260303180329,2026-03-03 18:49:54.183,20260303200342,2026-03-03 20:57:28.526
48288984683,2026-03-03 08:00:00.000,Mobile,NO0157RA,1.0000000,14400,0,4,0,0,0,0,0,0,0,14400,4,20260303160322,2026-03-03 17:01:27.687,20260303180329,2026-03-03 18:49:54.183
48289133376,2026-03-03 06:00:00.000,Mobile,NO0157RA,1.0000000,14400,0,4,0,0,0,0,0,0,0,14400,4,20260303160322,2026-03-03 17:01:27.687,20260303160322,2026-03-03 17:01:27.687
48289072254,2026-03-03 07:00:00.000,Mobile,NO0157RA,1.0000000,14400,0,4,0,0,0,0,0,0,0,14400,4,20260303160322,2026-03-03 17:01:27.687,20260303170342,2026-03-03 17:51:57.045
49365174077,2026-03-16 03:00:00.000,Mobile,NO0157RA,1.0000000,14400,0,4,0,0,0,0,0,0,0,14400,4,20260316110313,2026-03-16 11:48:20.056,20260316120337,2026-03-16 12:49:03.315
49362100966,2026-03-16 01:00:00.000,Mobile,NO0157RA,1.0000000,14400,0,4,0,0,0,0,0,0,0,14400,4,20260316100355,2026-03-16 10:50:54.627,20260316110313,2026-03-16 11:48:20.056
49362203637,2026-03-16 02:00:00.000,Mobile,NO0157RA,1.0000000,14400,0,4,0,0,0,0,0,0,0,14400,4,20260316100355,2026-03-16 10:50:54.627,20260316110313,2026-03-16 11:48:20.056
49358869762,2026-03-16 00:00:00.000,Mobile,NO0157RA,1.0000000,14400,0,4,0,0,0,0,0,0,0,14400,4,20260316090345,2026-03-16 09:57:33.124,20260316110313,2026-03-16 11:48:20.056
49327662124,2026-03-15 00:00:00.000,Mobile,NO0157RA,1.0000000,14400,0,4,0,0,0,0,0,0,0,14400,4,20260316010357,2026-03-16 01:48:59.634,20260316010357,2026-03-16 01:48:59.634
49328029683,2026-03-15 03:00:00.000,Mobile,NO0157RA,1.0000000,14400,0,4,0,0,0,0,0,0,0,14400,4,20260316010357,2026-03-16 01:48:59.634,20260316010357,2026-03-16 01:48:59.634
49328167639,2026-03-15 04:00:00.000,Mobile,NO0157RA,1.0000000,14400,0,4,0,0,0,0,0,0,0,14400,4,20260316010357,2026-03-16 01:48:59.634,20260316010357,2026-03-16 01:48:59.634
49328651627,2026-03-15 01:00:00.000,Mobile,NO0157RA,1.0000000,14400,0,4,0,0,0,0,0,0,0,14400,4,20260316010357,2026-03-16 01:48:59.634,20260316010357,2026-03-16 01:48:59.634
49367942558,2026-03-16 04:00:00.000,Mobile,NO0157RA,1.0000000,14400,0,4,0,0,0,0,0,0,0,14400,4,20260316120337,2026-03-16 12:49:03.315,20260316130323,2026-03-16 13:51:10.919
49327788251,2026-03-15 06:00:00.000,Mobile,NO0157RA,1.0000000,14400,0,4,0,0,0,0,0,0,0,14400,4,20260316010357,2026-03-16 01:48:59.634,20260316010357,2026-03-16 01:48:59.634
49327482455,2026-03-14 01:00:00.000,Mobile,NO0157RA,1.0000000,14400,0,4,0,0,0,0,0,0,0,14400,4,20260316010357,2026-03-16 01:48:59.634,20260316010357,2026-03-16 01:48:59.634
48095009420,2026-03-01 03:00:00.000,Mobile,NO0157RA,1.0000000,14400,0,4,0,0,0,0,0,0,0,14400,4,20260301120353,2026-03-01 12:48:09.436,20260301120353,2026-03-01 12:48:09.436
48088691923,2026-03-01 00:00:00.000,Mobile,NO0157RA,1.0000000,14400,0,4,0,0,0,0,0,0,0,14400,4,20260301100351,2026-03-01 10:51:50.477,20260301120353,2026-03-01 12:48:09.436
48091826424,2026-03-01 01:00:00.000,Mobile,NO0157RA,1.0000000,14400,0,4,0,0,0,0,0,0,0,14400,4,20260301110347,2026-03-01 11:48:30.214,20260301120353,2026-03-01 12:48:09.436
48091883775,2026-03-01 02:00:00.000,Mobile,NO0157RA,1.0000000,14400,0,4,0,0,0,0,0,0,0,14400,4,20260301110347,2026-03-01 11:48:30.214,20260301120353,2026-03-01 12:48:09.436
48898592131,2026-03-09 21:00:00.000,Mobile,NO0157RA,1.0000000,14400,0,4,0,0,0,0,0,0,0,14400,4,20260310040343,2026-03-10 04:49:04.667,20260310050343,2026-03-10 05:48:29.662
48902861646,2026-03-09 22:00:00.000,Mobile,NO0157RA,1.0000000,14400,0,4,0,0,0,0,0,0,0,14400,4,20260310050343,2026-03-10 05:48:29.662,20260310080347,2026-03-10 08:48:16.806
48857359266,2026-03-09 11:00:00.000,Mobile,NO0157RA,1.0000000,14400,0,4,0,0,0,0,0,0,0,14400,4,20260309180342,2026-03-09 18:48:17.914,20260309200334,2026-03-09 20:49:58.252
48877940189,2026-03-09 16:00:00.000,Mobile,NO0157RA,1.0000000,14400,0,4,0,0,0,0,0,0,0,14400,4,20260309230337,2026-03-09 23:48:39.246,20260310040343,2026-03-10 04:49:04.667
48922107431,2026-03-10 01:00:00.000,Mobile,NO0157RA,1.0000000,14400,0,4,0,0,0,0,0,0,0,14400,4,20260310100310,2026-03-10 10:49:44.527,20260310110343,2026-03-10 11:50:10.913
48922109015,2026-03-10 02:00:00.000,Mobile,NO0157RA,1.0000000,14400,0,4,0,0,0,0,0,0,0,14400,4,20260310100310,2026-03-10 10:49:44.527,20260310110343,2026-03-10 11:50:10.913
48429890479,2026-03-04 20:00:00.000,Mobile,NO0157RA,1.0000000,14400,0,4,0,0,0,0,0,0,0,14400,4,20260305050312,2026-03-05 05:51:53.960,20260305050312,2026-03-05 05:51:53.960
48429971624,2026-03-04 21:00:00.000,Mobile,NO0157RA,1.0000000,14400,0,4,0,0,0,0,0,0,0,14400,4,20260305050312,2026-03-05 05:51:53.960,20260305060354,2026-03-05 06:49:23.029
48420659207,2026-03-04 19:00:00.000,Mobile,NO0157RA,1.0000000,14400,0,4,0,0,0,0,0,0,0,14400,4,20260305030326,2026-03-05 03:52:19.485,20260305050312,2026-03-05 05:51:53.960
48420674280,2026-03-04 18:00:00.000,Mobile,NO0157RA,1.0000000,14400,0,4,0,0,0,0,0,0,0,14400,4,20260305030326,2026-03-05 03:52:19.485,20260305030326,2026-03-05 03:52:19.485
48408279594,2026-03-04 15:00:00.000,Mobile,NO0157RA,1.0000000,14400,0,4,0,0,0,0,0,0,0,14400,4,20260305000344,2026-03-05 00:55:44.687,20260305010344,2026-03-05 01:49:23.017
48408430555,2026-03-04 16:00:00.000,Mobile,NO0157RA,1.0000000,14400,0,4,0,0,0,0,0,0,0,14400,4,20260305000344,2026-03-05 00:55:44.687,20260305010344,2026-03-05 01:49:23.017
48375287741,2026-03-04 06:00:00.000,Mobile,NO0157RA,1.0000000,14400,0,4,0,0,0,0,0,0,0,14400,4,20260304150355,2026-03-04 15:49:18.438,20260304150355,2026-03-04 15:49:18.438
48375274770,2026-03-04 07:00:00.000,Mobile,NO0157RA,1.0000000,14400,0,4,0,0,0,0,0,0,0,14400,4,20260304150355,2026-03-04 15:49:18.438,20260304180304,2026-03-04 18:49:22.679
48384507659,2026-03-04 08:00:00.000,Mobile,NO0157RA,1.0000000,14400,0,4,0,0,0,0,0,0,0,14400,4,20260304180304,2026-03-04 18:49:22.679,20260304180304,2026-03-04 18:49:22.679
48384544427,2026-03-04 09:00:00.000,Mobile,NO0157RA,1.0000000,14400,0,4,0,0,0,0,0,0,0,14400,4,20260304180304,2026-03-04 18:49:22.679,20260304180304,2026-03-04 18:49:22.679
48387675212,2026-03-04 11:00:00.000,Mobile,NO0157RA,1.0000000,14400,0,4,0,0,0,0,0,0,0,14400,4,20260304190301,2026-03-04 19:48:50.415,20260304210326,2026-03-04 21:50:22.752
48387779878,2026-03-04 10:00:00.000,Mobile,NO0157RA,1.0000000,14400,0,4,0,0,0,0,0,0,0,14400,4,20260304190301,2026-03-04 19:48:50.415,20260304190301,2026-03-04 19:48:50.415
48361965626,2026-03-04 01:00:00.000,Mobile,NO0157RA,1.0000000,14400,0,4,0,0,0,0,0,0,0,14400,4,20260304110331,2026-03-04 11:52:19.691,20260304120349,2026-03-04 12:49:09.283
